Model,Accuracy,Precision,Recall,F1 Score,Confusion Matrix
LSTM,0.6734245867768595,0.6929655762240753,0.7478080295339179,0.7193430251914327,"[[1974 1436]
 [1093 3241]]"
GRU,0.6838842975206612,0.6987774030354131,0.7648823257960313,0.7303370786516854,"[[1981 1429]
 [1019 3315]]"
